[
{"idestado":"01","estado":"Aguascalientes","siglas":"AS"},
{"idestado":"02","estado":"Baja California","siglas":"BC"},
{"idestado":"03","estado":"Baja California Sur","siglas":"BS"},
{"idestado":"04","estado":"Campeche","siglas":"CC"},
{"idestado":"05","estado":"Coahuila de Zaragoza","siglas":"CL"},
{"idestado":"06","estado":"Colima","siglas":"CM"},
{"idestado":"07","estado":"Chiapas","siglas":"CS"},
{"idestado":"08","estado":"Chihuahua","siglas":"CH"},
{"idestado":"09","estado":"Ciudad de México","siglas":"CDMX"},
{"idestado":"10","estado":"Durango","siglas":"DG"},
{"idestado":"11","estado":"Guanajuato","siglas":"GT"},
{"idestado":"12","estado":"Guerrero","siglas":"GR"},
{"idestado":"13","estado":"Hidalgo","siglas":"HG"},
{"idestado":"14","estado":"Jalisco","siglas":"JC"},
{"idestado":"15","estado":"México","siglas":"MC"},
{"idestado":"16","estado":"Michoacán de Ocampo","siglas":"MN"},
{"idestado":"17","estado":"Morelos","siglas":"MS"},
{"idestado":"18","estado":"Nayarit","siglas":"NT"},
{"idestado":"19","estado":"Nuevo León","siglas":"NL"},
{"idestado":"20","estado":"Oaxaca","siglas":"OC"},
{"idestado":"21","estado":"Puebla","siglas":"PL"},
{"idestado":"22","estado":"Querétaro de Arteaga","siglas":"QT"},
{"idestado":"23","estado":"Quintana Roo","siglas":"QR"},
{"idestado":"24","estado":"San Luis Potosí","siglas":"SP"},
{"idestado":"25","estado":"Sinaloa","siglas":"SL"},
{"idestado":"26","estado":"Sonora","siglas":"SR"},
{"idestado":"27","estado":"Tabasco","siglas":"TC"},
{"idestado":"28","estado":"Tamaulipas","siglas":"TS"},
{"idestado":"29","estado":"Tlaxcala","siglas":"TL"},
{"idestado":"30","estado":"Veracruz de Ignacio Llave","siglas":"VZ"},
{"idestado":"31","estado":"Yucatán","siglas":"YN"},
{"idestado":"32","estado":"Zacatecas","siglas":"ZS"},
{"idestado":"33","estado":"Extranjero","siglas":"NE"}
]