[
{"idestado":"13","idjurisdiccion":"01","jurisdiccion":"Jurisdicción Sanitaria I Tula de Allende","nombre":"TULA DE ALLENDE"},
{"idestado":"13","idjurisdiccion":"02","jurisdiccion":"Jurisdicción Sanitaria II Tulancingo","nombre":"TULANCINGO"},
{"idestado":"13","idjurisdiccion":"03","jurisdiccion":"Jurisdicción Sanitaria III Pachuca de Soto","nombre":"PACHUCA DE SOTO"},
{"idestado":"13","idjurisdiccion":"04","jurisdiccion":"Jurisdicción Sanitaria IV Huejutla de Reyes","nombre":"HUEJUTLA DE REYES"},
{"idestado":"13","idjurisdiccion":"05","jurisdiccion":"Jurisdicción Sanitaria V Mineral de la Reforma","nombre":"MINERAL DE LA REFORMA"},
{"idestado":"13","idjurisdiccion":"06","jurisdiccion":"Jurisdicción Sanitaria VI Tizayuca","nombre":"TIZAYUCA"},
{"idestado":"13","idjurisdiccion":"07","jurisdiccion":"Jurisdicción Sanitaria VII Actopan","nombre":"ACTOPAN"},
{"idestado":"13","idjurisdiccion":"08","jurisdiccion":"Jurisdicción Sanitaria VIII Ixmiquilpan","nombre":"IXMIQUILPAN"},
{"idestado":"13","idjurisdiccion":"09","jurisdiccion":"Jurisdicción Sanitaria IX Zacualtipán de Ángeles","nombre":"ZACUALTIPAN DE ANGELES"},
{"idestado":"13","idjurisdiccion":"10","jurisdiccion":"Jurisdicción Sanitaria X Apan","nombre":"APAN"},
{"idestado":"13","idjurisdiccion":"11","jurisdiccion":"Jurisdicción Sanitaria XI Huichapan","nombre":"HUICHAPAN"},
{"idestado":"13","idjurisdiccion":"12","jurisdiccion":"Jurisdicción Sanitaria XII Jacala de Ledezma","nombre":"JACALA DE LEDEZMA"}
]
