[
{"idmotivo_baja":"1","motivo_baja":"POR DEMOLICION"},
{"idmotivo_baja":"2","motivo_baja":"NO TIENE PERSONAL"},
{"idmotivo_baja":"3","motivo_baja":"POR CUESTIONES DE SEGURIDAD"},
{"idmotivo_baja":"4","motivo_baja":"POR TRASLADO A OTRO ESTABLECIMIENTO"},
{"idmotivo_baja":"5","motivo_baja":"SE SUSTITUYE"},
{"idmotivo_baja":"6","motivo_baja":"CLUES DUPLICADA"},
{"idmotivo_baja":"7","motivo_baja":"POR DAÑO ESTRUCTURAL"},
{"idmotivo_baja":"8","motivo_baja":"POR INFORMACION ERRONEA"},
{"idmotivo_baja":"9","motivo_baja":"POR CAMBIO DE INSTITUCIÓN"}
]
