[
{"idestado":"13","idjurisdiccion":"02","idmunicipio":"001","municipio":"Acatlán"},
{"idestado":"13","idjurisdiccion":"02","idmunicipio":"002","municipio":"Acaxochitlán"},
{"idestado":"13","idjurisdiccion":"07","idmunicipio":"003","municipio":"Actopan"},
{"idestado":"13","idjurisdiccion":"02","idmunicipio":"004","municipio":"Agua Blanca de Iturbide"},
{"idestado":"13","idjurisdiccion":"01","idmunicipio":"005","municipio":"Ajacuba"},
{"idestado":"13","idjurisdiccion":"08","idmunicipio":"006","municipio":"Alfajayucan"},
{"idestado":"13","idjurisdiccion":"10","idmunicipio":"007","municipio":"Almoloya"},
{"idestado":"13","idjurisdiccion":"10","idmunicipio":"008","municipio":"Apan"},
{"idestado":"13","idjurisdiccion":"07","idmunicipio":"009","municipio":"El Arenal"},
{"idestado":"13","idjurisdiccion":"01","idmunicipio":"010","municipio":"Atitalaquia"},
{"idestado":"13","idjurisdiccion":"04","idmunicipio":"011","municipio":"Atlapexco"},
{"idestado":"13","idjurisdiccion":"09","idmunicipio":"012","municipio":"Atotonilco el Grande"},
{"idestado":"13","idjurisdiccion":"01","idmunicipio":"013","municipio":"Atotonilco de Tula"},
{"idestado":"13","idjurisdiccion":"04","idmunicipio":"014","municipio":"Calnali"},
{"idestado":"13","idjurisdiccion":"08","idmunicipio":"015","municipio":"Cardonal"},
{"idestado":"13","idjurisdiccion":"02","idmunicipio":"016","municipio":"Cuautepec de Hinojosa"},
{"idestado":"13","idjurisdiccion":"11","idmunicipio":"017","municipio":"Chapantongo"},
{"idestado":"13","idjurisdiccion":"12","idmunicipio":"018","municipio":"Chapulhuacán"},
{"idestado":"13","idjurisdiccion":"08","idmunicipio":"019","municipio":"Chilcuautla"},
{"idestado":"13","idjurisdiccion":"09","idmunicipio":"020","municipio":"Eloxochitlán"},
{"idestado":"13","idjurisdiccion":"10","idmunicipio":"021","municipio":"Emiliano Zapata"},
{"idestado":"13","idjurisdiccion":"05","idmunicipio":"022","municipio":"Epazoyucan"},
{"idestado":"13","idjurisdiccion":"07","idmunicipio":"023","municipio":"Francisco I. Madero"},
{"idestado":"13","idjurisdiccion":"05","idmunicipio":"024","municipio":"Huasca de Ocampo"},
{"idestado":"13","idjurisdiccion":"04","idmunicipio":"025","municipio":"Huautla"},
{"idestado":"13","idjurisdiccion":"04","idmunicipio":"026","municipio":"Huazalingo"},
{"idestado":"13","idjurisdiccion":"02","idmunicipio":"027","municipio":"Huehuetla"},
{"idestado":"13","idjurisdiccion":"04","idmunicipio":"028","municipio":"Huejutla de Reyes"},
{"idestado":"13","idjurisdiccion":"11","idmunicipio":"029","municipio":"Huichapan"},
{"idestado":"13","idjurisdiccion":"08","idmunicipio":"030","municipio":"Ixmiquilpan"},
{"idestado":"13","idjurisdiccion":"12","idmunicipio":"031","municipio":"Jacala de Ledezma"},
{"idestado":"13","idjurisdiccion":"04","idmunicipio":"032","municipio":"Jaltocán"},
{"idestado":"13","idjurisdiccion":"09","idmunicipio":"033","municipio":"Juárez Hidalgo"},
{"idestado":"13","idjurisdiccion":"04","idmunicipio":"034","municipio":"Lolotla"},
{"idestado":"13","idjurisdiccion":"02","idmunicipio":"035","municipio":"Metepec"},
{"idestado":"13","idjurisdiccion":"09","idmunicipio":"036","municipio":"San Agustín Metzquititlán"},
{"idestado":"13","idjurisdiccion":"09","idmunicipio":"037","municipio":"Metztitlán"},
{"idestado":"13","idjurisdiccion":"05","idmunicipio":"038","municipio":"Mineral del Chico"},
{"idestado":"13","idjurisdiccion":"05","idmunicipio":"039","municipio":"Mineral del Monte"},
{"idestado":"13","idjurisdiccion":"12","idmunicipio":"040","municipio":"La Misión"},
{"idestado":"13","idjurisdiccion":"07","idmunicipio":"041","municipio":"Mixquiahuala de Juárez"},
{"idestado":"13","idjurisdiccion":"09","idmunicipio":"042","municipio":"Molango de Escamilla"},
{"idestado":"13","idjurisdiccion":"08","idmunicipio":"043","municipio":"Nicolás Flores"},
{"idestado":"13","idjurisdiccion":"11","idmunicipio":"044","municipio":"Nopala de Villagrán"},
{"idestado":"13","idjurisdiccion":"05","idmunicipio":"045","municipio":"Omitlán de Juárez"},
{"idestado":"13","idjurisdiccion":"04","idmunicipio":"046","municipio":"San Felipe Orizatlán"},
{"idestado":"13","idjurisdiccion":"12","idmunicipio":"047","municipio":"Pacula"},
{"idestado":"13","idjurisdiccion":"03","idmunicipio":"048","municipio":"Pachuca de Soto"},
{"idestado":"13","idjurisdiccion":"12","idmunicipio":"049","municipio":"Pisaflores"},
{"idestado":"13","idjurisdiccion":"07","idmunicipio":"050","municipio":"Progreso de Obregón"},
{"idestado":"13","idjurisdiccion":"05","idmunicipio":"051","municipio":"Mineral de la Reforma"},
{"idestado":"13","idjurisdiccion":"03","idmunicipio":"052","municipio":"San Agustín Tlaxiaca"},
{"idestado":"13","idjurisdiccion":"02","idmunicipio":"053","municipio":"San Bartolo Tutotepec"},
{"idestado":"13","idjurisdiccion":"07","idmunicipio":"054","municipio":"San Salvador"},
{"idestado":"13","idjurisdiccion":"07","idmunicipio":"055","municipio":"Santiago de Anaya"},
{"idestado":"13","idjurisdiccion":"02","idmunicipio":"056","municipio":"Santiago Tulantepec de Lugo Guerrero"},
{"idestado":"13","idjurisdiccion":"02","idmunicipio":"057","municipio":"Singuilucan"},
{"idestado":"13","idjurisdiccion":"08","idmunicipio":"058","municipio":"Tasquillo"},
{"idestado":"13","idjurisdiccion":"11","idmunicipio":"059","municipio":"Tecozautla"},
{"idestado":"13","idjurisdiccion":"02","idmunicipio":"060","municipio":"Tenango de Doria"},
{"idestado":"13","idjurisdiccion":"10","idmunicipio":"061","municipio":"Tepeapulco"},
{"idestado":"13","idjurisdiccion":"09","idmunicipio":"062","municipio":"Tepehuacán de Guerrero"},
{"idestado":"13","idjurisdiccion":"01","idmunicipio":"063","municipio":"Tepeji del Río de Ocampo"},
{"idestado":"13","idjurisdiccion":"01","idmunicipio":"064","municipio":"Tepetitlán"},
{"idestado":"13","idjurisdiccion":"01","idmunicipio":"065","municipio":"Tetepango"},
{"idestado":"13","idjurisdiccion":"06","idmunicipio":"066","municipio":"Villa de Tezontepec"},
{"idestado":"13","idjurisdiccion":"01","idmunicipio":"067","municipio":"Tezontepec de Aldama"},
{"idestado":"13","idjurisdiccion":"09","idmunicipio":"068","municipio":"Tianguistengo"},
{"idestado":"13","idjurisdiccion":"06","idmunicipio":"069","municipio":"Tizayuca"},
{"idestado":"13","idjurisdiccion":"01","idmunicipio":"070","municipio":"Tlahuelilpan"},
{"idestado":"13","idjurisdiccion":"09","idmunicipio":"071","municipio":"Tlahuiltepa"},
{"idestado":"13","idjurisdiccion":"10","idmunicipio":"072","municipio":"Tlanalapa"},
{"idestado":"13","idjurisdiccion":"04","idmunicipio":"073","municipio":"Tlanchinol"},
{"idestado":"13","idjurisdiccion":"01","idmunicipio":"074","municipio":"Tlaxcoapan"},
{"idestado":"13","idjurisdiccion":"06","idmunicipio":"075","municipio":"Tolcayuca"},
{"idestado":"13","idjurisdiccion":"01","idmunicipio":"076","municipio":"Tula de Allende"},
{"idestado":"13","idjurisdiccion":"02","idmunicipio":"077","municipio":"Tulancingo de Bravo"},
{"idestado":"13","idjurisdiccion":"04","idmunicipio":"078","municipio":"Xochiatipan"},
{"idestado":"13","idjurisdiccion":"09","idmunicipio":"079","municipio":"Xochicoatlán"},
{"idestado":"13","idjurisdiccion":"04","idmunicipio":"080","municipio":"Yahualica"},
{"idestado":"13","idjurisdiccion":"09","idmunicipio":"081","municipio":"Zacualtipán de Ángeles"},
{"idestado":"13","idjurisdiccion":"03","idmunicipio":"082","municipio":"Zapotlán de Juárez"},
{"idestado":"13","idjurisdiccion":"06","idmunicipio":"083","municipio":"Zempoala"},
{"idestado":"13","idjurisdiccion":"08","idmunicipio":"084","municipio":"Zimapán"}
]
