[
{"idtipo_unidad":"1","tipo_unidad":"Oficina Central"},
{"idtipo_unidad":"2","tipo_unidad":"Jurisdicción Sanitaria"},
{"idtipo_unidad":"3","tipo_unidad":"Hospital"},
{"idtipo_unidad":"4","tipo_unidad":"Centro de Salud"},
{"idtipo_unidad":"5","tipo_unidad":"Caravana"},
{"idtipo_unidad":"6","tipo_unidad":"ESI"},
{"idtipo_unidad":"7","tipo_unidad":"UNEME"},
{"idtipo_unidad":"8","tipo_unidad":"Unidad Móvil"},
{"idtipo_unidad":"9","tipo_unidad":"Unidad de Apoyo"},
{"idtipo_unidad":"10","tipo_unidad":"Otro"}
]