[
{"idtipo_vialidad":"1","tipo_vialidad":"AMPLIACIÓN"},
{"idtipo_vialidad":"2","tipo_vialidad":"ANDADOR"},
{"idtipo_vialidad":"3","tipo_vialidad":"AVENIDA"},
{"idtipo_vialidad":"4","tipo_vialidad":"BOULEVARD"},
{"idtipo_vialidad":"5","tipo_vialidad":"CALLE"},
{"idtipo_vialidad":"6","tipo_vialidad":"CALLEJÓN"},
{"idtipo_vialidad":"7","tipo_vialidad":"CALZADA"},
{"idtipo_vialidad":"8","tipo_vialidad":"CERRADA"},
{"idtipo_vialidad":"9","tipo_vialidad":"CIRCUITO"},
{"idtipo_vialidad":"10","tipo_vialidad":"CIRCUNVALACIÓN"},
{"idtipo_vialidad":"11","tipo_vialidad":"CONTINUACIÓN"},
{"idtipo_vialidad":"12","tipo_vialidad":"CORREDOR"},
{"idtipo_vialidad":"13","tipo_vialidad":"DIAGONAL"},
{"idtipo_vialidad":"14","tipo_vialidad":"EJE VIAL"},
{"idtipo_vialidad":"15","tipo_vialidad":"PASAJE"},
{"idtipo_vialidad":"16","tipo_vialidad":"PEATONAL"},
{"idtipo_vialidad":"17","tipo_vialidad":"PERIFÉRICO"},
{"idtipo_vialidad":"18","tipo_vialidad":"PRIVADA"},
{"idtipo_vialidad":"19","tipo_vialidad":"PROLONGACIÓN"},
{"idtipo_vialidad":"20","tipo_vialidad":"RETORNO"},
{"idtipo_vialidad":"21","tipo_vialidad":"VIADUCTO"},
{"idtipo_vialidad":"22","tipo_vialidad":"NINGUNO"},
{"idtipo_vialidad":"23","tipo_vialidad":"CAMINO"},
{"idtipo_vialidad":"24","tipo_vialidad":"CARRETERA"},
{"idtipo_vialidad":"25","tipo_vialidad":"LIBRAMIENTO"},
{"idtipo_vialidad":"26","tipo_vialidad":"PASEO"},
{"idtipo_vialidad":"97","tipo_vialidad":"NO APLICA"},
{"idtipo_vialidad":"98","tipo_vialidad":"SE IGNORA"},
{"idtipo_vialidad":"99","tipo_vialidad":"NO ESPECIFICADO"}
]
