[
{"idtipo_asentamiento":"1","tipo_asentamiento":"AEROPUERTO"},
{"idtipo_asentamiento":"2","tipo_asentamiento":"AMPLIACIÓN"},
{"idtipo_asentamiento":"3","tipo_asentamiento":"BARRIO"},
{"idtipo_asentamiento":"4","tipo_asentamiento":"CANTÓN"},
{"idtipo_asentamiento":"5","tipo_asentamiento":"CIUDAD"},
{"idtipo_asentamiento":"6","tipo_asentamiento":"CIUDAD INDUSTRIAL"},
{"idtipo_asentamiento":"7","tipo_asentamiento":"COLONIA"},
{"idtipo_asentamiento":"8","tipo_asentamiento":"CONDOMINIO"},
{"idtipo_asentamiento":"9","tipo_asentamiento":"CONJUNTO HABITACIONAL"},
{"idtipo_asentamiento":"10","tipo_asentamiento":"CORREDOR INDUSTRIAL"},
{"idtipo_asentamiento":"11","tipo_asentamiento":"COTO"},
{"idtipo_asentamiento":"12","tipo_asentamiento":"CUARTEL"},
{"idtipo_asentamiento":"13","tipo_asentamiento":"EJIDO"},
{"idtipo_asentamiento":"14","tipo_asentamiento":"EXHACIENDA"},
{"idtipo_asentamiento":"15","tipo_asentamiento":"FRACCIÓN"},
{"idtipo_asentamiento":"16","tipo_asentamiento":"FRACCIONAMIENTO"},
{"idtipo_asentamiento":"17","tipo_asentamiento":"GRANJA"},
{"idtipo_asentamiento":"18","tipo_asentamiento":"HACIENDA"},
{"idtipo_asentamiento":"19","tipo_asentamiento":"INGENIO"},
{"idtipo_asentamiento":"20","tipo_asentamiento":"MANZANA"},
{"idtipo_asentamiento":"21","tipo_asentamiento":"PARAJE"},
{"idtipo_asentamiento":"22","tipo_asentamiento":"PARQUE INDUSTRIAL"},
{"idtipo_asentamiento":"23","tipo_asentamiento":"PRIVADA"},
{"idtipo_asentamiento":"24","tipo_asentamiento":"PROLONGACIÓN"},
{"idtipo_asentamiento":"25","tipo_asentamiento":"PUEBLO"},
{"idtipo_asentamiento":"26","tipo_asentamiento":"PUERTO"},
{"idtipo_asentamiento":"27","tipo_asentamiento":"RANCHERÍA"},
{"idtipo_asentamiento":"28","tipo_asentamiento":"RANCHO"},
{"idtipo_asentamiento":"29","tipo_asentamiento":"REGIÓN"},
{"idtipo_asentamiento":"30","tipo_asentamiento":"RESIDENCIAL"},
{"idtipo_asentamiento":"31","tipo_asentamiento":"RINCONADA"},
{"idtipo_asentamiento":"32","tipo_asentamiento":"SECCIÓN"},
{"idtipo_asentamiento":"33","tipo_asentamiento":"SECTOR"},
{"idtipo_asentamiento":"34","tipo_asentamiento":"SUPERMANZANA"},
{"idtipo_asentamiento":"35","tipo_asentamiento":"UNIDAD"},
{"idtipo_asentamiento":"36","tipo_asentamiento":"UNIDAD HABITACIONAL"},
{"idtipo_asentamiento":"37","tipo_asentamiento":"VILLA"},
{"idtipo_asentamiento":"38","tipo_asentamiento":"ZONA FEDERAL"},
{"idtipo_asentamiento":"39","tipo_asentamiento":"ZONA INDUSTRIAL"},
{"idtipo_asentamiento":"40","tipo_asentamiento":"ZONA MILITAR"},
{"idtipo_asentamiento":"41","tipo_asentamiento":"ZONA NAVAL"},
{"idtipo_asentamiento":"42","tipo_asentamiento":"NINGUNO"},
{"idtipo_asentamiento":"43","tipo_asentamiento":"CARRETERA"},
{"idtipo_asentamiento":"44","tipo_asentamiento":"NO APLICA"},
{"idtipo_asentamiento":"45","tipo_asentamiento":"SE IGNORA"},
{"idtipo_asentamiento":"46","tipo_asentamiento":"NO ESPECIFICADO"},
{"idtipo_asentamiento":"47","tipo_asentamiento":"ZONA COMERCIAL"},
{"idtipo_asentamiento":"48","tipo_asentamiento":"LOCALIDAD"}
]
