[
{"idtipologia_unidad":"1","tipologia_unidad":"Rural de 01 núcleo básico","clave_tipologia":"A"},
{"idtipologia_unidad":"2","tipologia_unidad":"Rural de 02 núcleos básicos","clave_tipologia":"B"},
{"idtipologia_unidad":"3","tipologia_unidad":"Rural de 03 núcleos básicos y más","clave_tipologia":"C"},
{"idtipologia_unidad":"4","tipologia_unidad":"Urbano de 01 núcleos básicos","clave_tipologia":"D"},
{"idtipologia_unidad":"5","tipologia_unidad":"Urbano de 02 núcleos básicos","clave_tipologia":"E"},
{"idtipologia_unidad":"6","tipologia_unidad":"Urbano de 03 núcleos básicos","clave_tipologia":"F"},
{"idtipologia_unidad":"7","tipologia_unidad":"Urbano de 04 núcleos básicos","clave_tipologia":"G"},
{"idtipologia_unidad":"8","tipologia_unidad":"Urbano de 05 núcleos básicos","clave_tipologia":"H"},
{"idtipologia_unidad":"9","tipologia_unidad":"Urbano de 06 núcleos básicos","clave_tipologia":"I"},
{"idtipologia_unidad":"10","tipologia_unidad":"Urbano de 07 núcleos básicos","clave_tipologia":"J"},
{"idtipologia_unidad":"11","tipologia_unidad":"Urbano de 08 núcleos básicos","clave_tipologia":"K"},
{"idtipologia_unidad":"12","tipologia_unidad":"Urbano de 09 núcleos básicos","clave_tipologia":"L"},
{"idtipologia_unidad":"13","tipologia_unidad":"Urbano de 10 núcleos básicos","clave_tipologia":"Q"},
{"idtipologia_unidad":"14","tipologia_unidad":"Urbano de 11 núcleos básicos","clave_tipologia":"R"},
{"idtipologia_unidad":"15","tipologia_unidad":"Urbano de 12 núcleos básicos y más","clave_tipologia":"S"},
{"idtipologia_unidad":"16","tipologia_unidad":"Centro de salud con hospitalización","clave_tipologia":"Z"},
{"idtipologia_unidad":"17","tipologia_unidad":"Unidad móvil","clave_tipologia":"P"},
{"idtipologia_unidad":"18","tipologia_unidad":"Brigada móvil","clave_tipologia":"X"},
{"idtipologia_unidad":"19","tipologia_unidad":"Clínica de especialidades","clave_tipologia":"T"},
{"idtipologia_unidad":"20","tipologia_unidad":"Consultorio delegacional","clave_tipologia":"U"},
{"idtipologia_unidad":"21","tipologia_unidad":"Unidad ministerio público","clave_tipologia":"V"},
{"idtipologia_unidad":"22","tipologia_unidad":"Casa de salud","clave_tipologia":"W"},
{"idtipologia_unidad":"23","tipologia_unidad":"Unidad de Especialidades Médicas (UNEMES)","clave_tipologia":"UNE"},
{"idtipologia_unidad":"24","tipologia_unidad":"Centros Avanzados de Atención Primaria a la Salud (CAAPS)","clave_tipologia":"CAP"},
{"idtipologia_unidad":"25","tipologia_unidad":"Centros de Salud con Servicios Ampliados","clave_tipologia":"CES"},
{"idtipologia_unidad":"26","tipologia_unidad":"Hospital integral (Comunitario)","clave_tipologia":"N"},
{"idtipologia_unidad":"27","tipologia_unidad":"Hospital general","clave_tipologia":"M"},
{"idtipologia_unidad":"28","tipologia_unidad":"Hospital especializado","clave_tipologia":"O"},
{"idtipologia_unidad":"29","tipologia_unidad":"Hospital psiquiátrico (incluye granjas)","clave_tipologia":"Y"},
{"idtipologia_unidad":"30","tipologia_unidad":"Oficinas Administrativas","clave_tipologia":"OFI"},
{"idtipologia_unidad":"31","tipologia_unidad":"Centro Antirrábico","clave_tipologia":"ANT"},
{"idtipologia_unidad":"32","tipologia_unidad":"Jurisdicción","clave_tipologia":"EA"},
{"idtipologia_unidad":"33","tipologia_unidad":"Laboratorios","clave_tipologia":"LAB"},
{"idtipologia_unidad":"34","tipologia_unidad":"Centro Estatal de Transfusión Sanguínea (Bancos de Sangre)","clave_tipologia":"CTS"},
{"idtipologia_unidad":"35","tipologia_unidad":"Almacenes","clave_tipologia":"ALM"},
{"idtipologia_unidad":"36","tipologia_unidad":"Otros Establecimientos de Apoyo","clave_tipologia":"OTR"},
{"idtipologia_unidad":"37","tipologia_unidad":"Hospital Rural","clave_tipologia":"HR"},
{"idtipologia_unidad":"38","tipologia_unidad":"Hospital General de Zona","clave_tipologia":"HGZ"},
{"idtipologia_unidad":"39","tipologia_unidad":"Hospital General de Subzona con Medicina Familiar","clave_tipologia":"HGSMF"},
{"idtipologia_unidad":"40","tipologia_unidad":"Hospital General de Subzona","clave_tipologia":"HGS"},
{"idtipologia_unidad":"41","tipologia_unidad":"Hospital General","clave_tipologia":"HG"},
{"idtipologia_unidad":"42","tipologia_unidad":"Unidad Móvil","clave_tipologia":"UM"},
{"idtipologia_unidad":"43","tipologia_unidad":"Servicio Médico Forense","clave_tipologia":"SEMEFO"},
{"idtipologia_unidad":"44","tipologia_unidad":"Unidad Médica Rural","clave_tipologia":"UMR"},
{"idtipologia_unidad":"45","tipologia_unidad":"Brigadas De Salud ","clave_tipologia":"BS"},
{"idtipologia_unidad":"46","tipologia_unidad":"Unidad Médica Móvil","clave_tipologia":"UMM"},
{"idtipologia_unidad":"47","tipologia_unidad":"Unidad De Medicina Familiar","clave_tipologia":"UMF"},
{"idtipologia_unidad":"48","tipologia_unidad":"Unidad De Medicina Familiar Con Hospitalización","clave_tipologia":"UMFH"},
{"idtipologia_unidad":"49","tipologia_unidad":"Clínica Hospital ","clave_tipologia":"CH"},
{"idtipologia_unidad":"50","tipologia_unidad":"Clínica De Medicina Familiar ","clave_tipologia":"CMF"},
{"idtipologia_unidad":"51","tipologia_unidad":"Consultorio De Atención Familiar","clave_tipologia":"CAF"},
{"idtipologia_unidad":"52","tipologia_unidad":"Consultorio Médico En Centro De Trabajo","clave_tipologia":"CMCT"},
{"idtipologia_unidad":"53","tipologia_unidad":"Consultorio Adyacente A Farmacia","clave_tipologia":"CAF"},
{"idtipologia_unidad":"54","tipologia_unidad":"Clínica","clave_tipologia":"CLI"},
{"idtipologia_unidad":"55","tipologia_unidad":"Consultorio Particular","clave_tipologia":"CP"},
{"idtipologia_unidad":"56","tipologia_unidad":"No Especificado","clave_tipologia":"99"}
]
