[
{"idestado":"13","idjurisdiccion":"07","idmunicipio":"003","idlocalidad":"0001","clues":"HGIMB000151","idtipo_unidad":"3","idtipologia_unidad":"27","idinstitucion":"01","nombre":"HOSPITAL GENERAL ACTOPAN","idestrato":"2","idtipo_vialidad":"5","vialidad":"CARLOS MAYORGA","idtipo_asentamiento":"7","asentamiento":"CHAPULTEPEC","nointerior":"SIN NUMERO","noexterior":"55  ","cp":"42500","idtipo_administracion":"2","latitud":"20.262789","longitud":"-98.939827","email":"hactopan_2nivel@yahoo.com.mx","telefono":"7727272173","construccion":"1998-01-28","inicio_operacion":"2000-07-28","idstatus_unidad":"1","horarios":"DOM, LUN, MAR, MIE, JUE, VIE, SAB DE 00:00 A 23:59","idmotivo_baja":null,"fecha_efectiva_baja":null,"idtipo_establecimiento":"2","idsubtipologia":"1","nombre_responsable":"JESUS ALBERTO","pa_responsable":"ALAMILLA","sa_responsable":"HUEBE","idprofesion":null,"cedula_responsable":"10388211","idmarca_um":null,"marca_esp_um":"","modelo_um":"","idprograma_um":null,"idtipo_um":null,"idtipologia_um":null,"idnivel_atencion":"2","idstatus_propiedad":null,"alineacion":"5"},
{"idestado":"13","idjurisdiccion":"04","idmunicipio":"011","idlocalidad":"0001","clues":"HGIMB000431","idtipo_unidad":"3","idtipologia_unidad":"26","idinstitucion":"01","nombre":"HOSPITAL INTEGRAL ATLAPEXCO","idestrato":"2","idtipo_vialidad":"5","vialidad":"LUIS PASTEUR","idtipo_asentamiento":"7","asentamiento":"VALLE VERDE","nointerior":"SIN NUMERO","noexterior":"265  ","cp":"43060","idtipo_administracion":"2","latitud":"21.021042","longitud":"-98.348585","email":"felipe_gerardo_s@hotmail.com","telefono":"7898944082","construccion":null,"inicio_operacion":"1997-06-26","idstatus_unidad":"1","horarios":"DOM, LUN, MAR, MIE, JUE, VIE, SAB DE 00:00 A 23:59","idmotivo_baja":null,"fecha_efectiva_baja":null,"idtipo_establecimiento":"2","idsubtipologia":"1","nombre_responsable":"JORGE LUIS","pa_responsable":"ORTUÑO ","sa_responsable":"MIRANDA","idprofesion":null,"cedula_responsable":"3444011","idmarca_um":null,"marca_esp_um":"","modelo_um":"","idprograma_um":null,"idtipo_um":null,"idtipologia_um":null,"idnivel_atencion":"2","idstatus_propiedad":null,"alineacion":"10"},
{"idestado":"13","idjurisdiccion":"11","idmunicipio":"029","idlocalidad":"0001","clues":"HGIMB001394","idtipo_unidad":"3","idtipologia_unidad":"27","idinstitucion":"01","nombre":"HOSPITAL GENERAL HUICHAPAN","idestrato":"2","idtipo_vialidad":"5","vialidad":"16 DE ENERO","idtipo_asentamiento":"3","asentamiento":"ABUNDIO MARTINEZ","nointerior":"SIN NUMERO","noexterior":"SIN NUMERO  ","cp":"42400","idtipo_administracion":"2","latitud":"20.37537","longitud":"-99.654072","email":"hhuichapan@salud.gob.mx","telefono":"7617820143","construccion":"1999-03-01","inicio_operacion":"2002-08-01","idstatus_unidad":"1","horarios":"DOM, LUN, MAR, MIE, JUE, VIE, SAB DE 00:00 A 23:59","idmotivo_baja":null,"fecha_efectiva_baja":null,"idtipo_establecimiento":"2","idsubtipologia":"1","nombre_responsable":"NARCISO","pa_responsable":"PEREZ","sa_responsable":"BAUTISTA","idprofesion":null,"cedula_responsable":"4700183","idmarca_um":null,"marca_esp_um":"","modelo_um":"","idprograma_um":null,"idtipo_um":null,"idtipologia_um":null,"idnivel_atencion":"2","idstatus_propiedad":null,"alineacion":"8"},
{"idestado":"13","idjurisdiccion":"08","idmunicipio":"030","idlocalidad":"0001","clues":"HGIMB001481","idtipo_unidad":"3","idtipologia_unidad":"27","idinstitucion":"01","nombre":"HOSPITAL GENERAL DEL VALLE DEL MEZQUITAL IXMIQUILPAN","idestrato":"2","idtipo_vialidad":"24","vialidad":"PACHUCA - IXMIQUILPAN KM. 64 TAXADHO","idtipo_asentamiento":"7","asentamiento":"TAXADHO","nointerior":"SIN NUMERO","noexterior":"SIN NUMERO  ","cp":"42320","idtipo_administracion":"2","latitud":"20.433787","longitud":"-99.155446","email":"hospitalixmiquilpan@hotmail.com","telefono":"7597271238","construccion":null,"inicio_operacion":"1950-01-01","idstatus_unidad":"1","horarios":"DOM, LUN, MAR, MIE, JUE, VIE, SAB DE 00:00 A 23:59","idmotivo_baja":null,"fecha_efectiva_baja":null,"idtipo_establecimiento":"2","idsubtipologia":"1","nombre_responsable":"JOSE FABIAN","pa_responsable":"GONZALEZ","sa_responsable":"MONZALVO","idprofesion":null,"cedula_responsable":"3153481","idmarca_um":null,"marca_esp_um":"","modelo_um":"","idprograma_um":null,"idtipo_um":null,"idtipologia_um":null,"idnivel_atencion":"2","idstatus_propiedad":null,"alineacion":"3"},
{"idestado":"13","idjurisdiccion":"12","idmunicipio":"031","idlocalidad":"0001","clues":"HGIMB001686","idtipo_unidad":"3","idtipologia_unidad":"26","idinstitucion":"01","nombre":"HOSPITAL INTEGRAL JACALA","idestrato":"2","idtipo_vialidad":"5","vialidad":"RIO PANUCO","idtipo_asentamiento":"7","asentamiento":"EL CERRITO","nointerior":"SIN NUMERO","noexterior":"SIN NUMERO  ","cp":"42200","idtipo_administracion":"2","latitud":"21.010408","longitud":"-99.194832","email":"hospital.jacala@ssh.gob.mx","telefono":"4412933375","construccion":null,"inicio_operacion":null,"idstatus_unidad":"1","horarios":"DOM, LUN, MAR, MIE, JUE, VIE, SAB DE 00:00 A 23:59","idmotivo_baja":null,"fecha_efectiva_baja":null,"idtipo_establecimiento":"2","idsubtipologia":"1","nombre_responsable":"JOSE","pa_responsable":"HERVER","sa_responsable":"PEREZ","idprofesion":null,"cedula_responsable":"7605009","idmarca_um":null,"marca_esp_um":"","modelo_um":"","idprograma_um":null,"idtipo_um":null,"idtipologia_um":null,"idnivel_atencion":"2","idstatus_propiedad":null,"alineacion":"12"},
{"idestado":"13","idjurisdiccion":"07","idmunicipio":"041","idlocalidad":"0034","clues":"HGIMB002036","idtipo_unidad":"3","idtipologia_unidad":"26","idinstitucion":"01","nombre":"HOSPITAL INTEGRAL CINTA LARGA","idestrato":"1","idtipo_vialidad":"24","vialidad":"MIXQUIAHUALA - TULA Km. 2.8","idtipo_asentamiento":"7","asentamiento":"CINTA LARGA","nointerior":"SIN NUMERO","noexterior":"3000  ","cp":"42700","idtipo_administracion":"2","latitud":"20.189068","longitud":"-99.22494","email":"hospitalcintalarga@yahoo.com.mx","telefono":"7387253660","construccion":"1999-12-11","inicio_operacion":"2002-10-11","idstatus_unidad":"1","horarios":"DOM, LUN, MAR, MIE, JUE, VIE, SAB DE 00:00 A 23:59","idmotivo_baja":null,"fecha_efectiva_baja":null,"idtipo_establecimiento":"2","idsubtipologia":"1","nombre_responsable":"LORENZO MANUEL","pa_responsable":"VALDES","sa_responsable":"CASIQUE","idprofesion":null,"cedula_responsable":"8693122","idmarca_um":null,"marca_esp_um":"","modelo_um":"","idprograma_um":null,"idtipo_um":null,"idtipologia_um":null,"idnivel_atencion":"2","idstatus_propiedad":null,"alineacion":"11"},
{"idestado":"13","idjurisdiccion":"03","idmunicipio":"048","idlocalidad":"0001","clues":"HGIMB002304","idtipo_unidad":"3","idtipologia_unidad":"27","idinstitucion":"01","nombre":"HOSPITAL GENERAL PACHUCA","idestrato":"2","idtipo_vialidad":"24","vialidad":"PACHUCA - TULANCINGO","idtipo_asentamiento":"7","asentamiento":"CIUDAD DE LOS NIÑOS","nointerior":"SIN NUMERO","noexterior":"101  ","cp":"42070","idtipo_administracion":"2","latitud":"20.11376","longitud":"-98.722855","email":"neurochong@hotmail.com","telefono":"7717134649","construccion":null,"inicio_operacion":"1979-01-01","idstatus_unidad":"1","horarios":"DOM, LUN, MAR, MIE, JUE, VIE, SAB DE 00:00 A 23:59","idmotivo_baja":null,"fecha_efectiva_baja":null,"idtipo_establecimiento":"2","idsubtipologia":"1","nombre_responsable":"FRANCISCO JAVIER","pa_responsable":"CHONG","sa_responsable":"BARREIRO","idprofesion":null,"cedula_responsable":"3271985","idmarca_um":null,"marca_esp_um":"","modelo_um":"","idprograma_um":null,"idtipo_um":null,"idtipologia_um":null,"idnivel_atencion":"2","idstatus_propiedad":null,"alineacion":"1"},
{"idestado":"13","idjurisdiccion":"02","idmunicipio":"053","idlocalidad":"0001","clues":"HGIMB002572","idtipo_unidad":"3","idtipologia_unidad":"26","idinstitucion":"01","nombre":"HOSPITAL REGIONAL OTOMI TEPEHUA","idestrato":"2","idtipo_vialidad":"24","vialidad":"MANUEL MELO","idtipo_asentamiento":"7","asentamiento":"MAGDALENA","nointerior":"SIN NUMERO","noexterior":"SIN NUMERO  ","cp":"43440","idtipo_administracion":"2","latitud":"20.394981","longitud":"-98.203297","email":"jose.jimenez@ssh.gob.mx","telefono":"7747553263","construccion":"1995-12-19","inicio_operacion":"1997-02-19","idstatus_unidad":"1","horarios":"DOM, LUN, MAR, MIE, JUE, VIE, SAB DE 00:00 A 23:59","idmotivo_baja":null,"fecha_efectiva_baja":null,"idtipo_establecimiento":"2","idsubtipologia":"1","nombre_responsable":"JUAN JOSE","pa_responsable":"JIMENEZ","sa_responsable":"HERNANDEZ","idprofesion":null,"cedula_responsable":"4098797","idmarca_um":null,"marca_esp_um":"","modelo_um":"","idprograma_um":null,"idtipo_um":null,"idtipologia_um":null,"idnivel_atencion":"2","idstatus_propiedad":null,"alineacion":"13"},
{"idestado":"13","idjurisdiccion":"06","idmunicipio":"075","idlocalidad":"0010","clues":"HGSSA003941","idtipo_unidad":"3","idtipologia_unidad":"29","idinstitucion":"01","nombre":"VILLA OCARANZA","idestrato":"1","idtipo_vialidad":"24","vialidad":" A SAN MATEO","idtipo_asentamiento":"7","asentamiento":"SAN MIGUEL EYECALCO","nointerior":"SIN NUMERO","noexterior":"SIN NUMERO  ","cp":"43780","idtipo_administracion":"2","latitud":"19.901111","longitud":"-98.909167","email":"villaocaranza@hotmail.com","telefono":"7437913116","construccion":null,"inicio_operacion":"2000-11-21","idstatus_unidad":"1","horarios":"DOM, LUN, MAR, MIE, JUE, VIE, SAB DE 00:00 A 23:59","idmotivo_baja":null,"fecha_efectiva_baja":null,"idtipo_establecimiento":"2","idsubtipologia":"1","nombre_responsable":"ODIN","pa_responsable":"NAVARRETE","sa_responsable":"GONZALEZ","idprofesion":null,"cedula_responsable":"5797100","idmarca_um":null,"marca_esp_um":"","modelo_um":"","idprograma_um":null,"idtipo_um":null,"idtipologia_um":null,"idnivel_atencion":"2","idstatus_propiedad":null,"alineacion":"16"},
{"idestado":"13","idjurisdiccion":"08","idmunicipio":"084","idlocalidad":"0027","clues":"HGIMB004561","idtipo_unidad":"3","idtipologia_unidad":"26","idinstitucion":"01","nombre":"HOSPITAL ZIMAPÁN","idestrato":"1","idtipo_vialidad":"24","vialidad":"FEDERAL MEXICO- LAREDO KM. 112","idtipo_asentamiento":"7","asentamiento":"TERRENOS ALEDAÑOS","nointerior":"SIN NUMERO","noexterior":"SIN NUMERO  ","cp":"42351","idtipo_administracion":"2","latitud":"20.69099","longitud":"-99.33337","email":"morenita_zumano@gmail.com","telefono":"","construccion":"2014-01-01","inicio_operacion":"2022-08-01","idstatus_unidad":"1","horarios":"DOM, LUN, MAR, MIE, JUE, VIE, SAB DE 00:00 A 23:59","idmotivo_baja":"2","fecha_efectiva_baja":"2022-02-12","idtipo_establecimiento":"2","idsubtipologia":"1","nombre_responsable":"GABRIELA","pa_responsable":"CRUZ","sa_responsable":"ZUMANO","idprofesion":null,"cedula_responsable":"7017967","idmarca_um":null,"marca_esp_um":"","modelo_um":"","idprograma_um":null,"idtipo_um":null,"idtipologia_um":null,"idnivel_atencion":"2","idstatus_propiedad":"1","alineacion":"17"},
{"idestado":"13","idjurisdiccion":"03","idmunicipio":"048","idlocalidad":"0001","clues":"HGIMB004573","idtipo_unidad":"3","idtipologia_unidad":"28","idinstitucion":"01","nombre":"HOSPITAL MATERNO INFANTIL","idestrato":"2","idtipo_vialidad":"5","vialidad":"DR. MANUEL GEA GONZÁLEZ","idtipo_asentamiento":"7","asentamiento":"EXHACIENDA GUADALUPE","nointerior":"","noexterior":"S\/N ","cp":"42050","idtipo_administracion":"2","latitud":"20.117775","longitud":"-98.729856","email":"dr.rigkick@gmail.com","telefono":"","construccion":"2017-09-01","inicio_operacion":"2022-08-01","idstatus_unidad":"1","horarios":"DOM, LUN, MAR, MIE, JUE, VIE, SAB DE 00:00 A 23:59","idmotivo_baja":null,"fecha_efectiva_baja":null,"idtipo_establecimiento":"2","idsubtipologia":"1","nombre_responsable":"GILBERTO","pa_responsable":"LUNA","sa_responsable":"LUGO","idprofesion":null,"cedula_responsable":"4928834","idmarca_um":null,"marca_esp_um":"","modelo_um":"","idprograma_um":null,"idtipo_um":null,"idtipologia_um":null,"idnivel_atencion":"2","idstatus_propiedad":"1","alineacion":"9"},
{"idestado":"13","idjurisdiccion":"04","idmunicipio":"073","idlocalidad":"0001","clues":"HGIMB004795","idtipo_unidad":"3","idtipologia_unidad":"26","idinstitucion":"01","nombre":"HOSPITAL INTEGRAL DE TLANCHINOL","idestrato":"2","idtipo_vialidad":"5","vialidad":"SIN NOMBRE","idtipo_asentamiento":"36","asentamiento":"UNIDAD DEPORTIVA","nointerior":"SIN NUMERO","noexterior":"SIN NUMERO  ","cp":"43150","idtipo_administracion":"2","latitud":"20.998835","longitud":"-98.653302","email":"hospitaltlanchinol@yahoo.com.mx","telefono":"7749740242","construccion":null,"inicio_operacion":null,"idstatus_unidad":"1","horarios":"DOM, LUN, MAR, MIE, JUE, VIE, SAB DE 00:00 A 23:59","idmotivo_baja":null,"fecha_efectiva_baja":null,"idtipo_establecimiento":"2","idsubtipologia":"1","nombre_responsable":"VICTOR MANUEL","pa_responsable":"FLORES","sa_responsable":"HERNANDEZ","idprofesion":null,"cedula_responsable":"5598046","idmarca_um":null,"marca_esp_um":"","modelo_um":"","idprograma_um":null,"idtipo_um":null,"idtipologia_um":null,"idnivel_atencion":"2","idstatus_propiedad":null,"alineacion":"14"},
{"idestado":"13","idjurisdiccion":"10","idmunicipio":"008","idlocalidad":"0001","clues":"HGIMB004800","idtipo_unidad":"3","idtipologia_unidad":"27","idinstitucion":"01","nombre":"HOSPITAL GENERAL DE APAN","idestrato":"2","idtipo_vialidad":"5","vialidad":"JOSE FRANCISCO OSORNO","idtipo_asentamiento":"7","asentamiento":"SAN RAFAEL","nointerior":"SIN NUMERO","noexterior":"SIN NUMERO  ","cp":"43900","idtipo_administracion":"2","latitud":"19.713632","longitud":"-98.465096","email":"laloorthos@yahoo.com","telefono":"7489127277","construccion":null,"inicio_operacion":null,"idstatus_unidad":"1","horarios":"DOM, LUN, MAR, MIE, JUE, VIE, SAB DE 00:00 A 23:59","idmotivo_baja":null,"fecha_efectiva_baja":null,"idtipo_establecimiento":"2","idsubtipologia":"1","nombre_responsable":"BENITO EDUARDO","pa_responsable":"TELLO","sa_responsable":"SUAREZ","idprofesion":null,"cedula_responsable":"4021169","idmarca_um":null,"marca_esp_um":"","modelo_um":"","idprograma_um":null,"idtipo_um":null,"idtipologia_um":null,"idnivel_atencion":"2","idstatus_propiedad":null,"alineacion":"6"},
{"idestado":"13","idjurisdiccion":"04","idmunicipio":"028","idlocalidad":"0001","clues":"HGIMB004812","idtipo_unidad":"3","idtipologia_unidad":"27","idinstitucion":"01","nombre":"HOSPITAL GENERAL DE LA HUASTECA","idestrato":"2","idtipo_vialidad":"24","vialidad":"MEXICO - TAMPICO Km. 202 ","idtipo_asentamiento":"13","asentamiento":"CHILILICO","nointerior":"SIN NUMERO","noexterior":"SIN NUMERO  ","cp":"43000","idtipo_administracion":"2","latitud":"21.1046","longitud":"-98.4237","email":"hospitaldelahuasteca@hotmail.com","telefono":"7715253780","construccion":null,"inicio_operacion":"2008-11-01","idstatus_unidad":"1","horarios":"DOM, LUN, MAR, MIE, JUE, VIE, SAB DE 00:00 A 23:59","idmotivo_baja":null,"fecha_efectiva_baja":null,"idtipo_establecimiento":"2","idsubtipologia":"1","nombre_responsable":"JOSE MANUEL","pa_responsable":"RIOS","sa_responsable":"GONZALEZ","idprofesion":null,"cedula_responsable":"4964410","idmarca_um":null,"marca_esp_um":"","modelo_um":"","idprograma_um":null,"idtipo_um":null,"idtipologia_um":null,"idnivel_atencion":"2","idstatus_propiedad":null,"alineacion":"7"},
{"idestado":"13","idjurisdiccion":"01","idmunicipio":"076","idlocalidad":"0001","clues":"HGIMB004824","idtipo_unidad":"3","idtipologia_unidad":"27","idinstitucion":"01","nombre":"HOSPITAL GENERAL TULA","idestrato":"2","idtipo_vialidad":"24","vialidad":"TULA - TEPEJI KM. 1.5","idtipo_asentamiento":"7","asentamiento":"EL CARMEN","nointerior":"SIN NUMERO","noexterior":"SIN NUMERO  ","cp":"42830","idtipo_administracion":"2","latitud":"20.040681","longitud":"-99.342061","email":"drmeneses_rafael@hotmail.es","telefono":"7737320961","construccion":"1961-01-01","inicio_operacion":"1962-01-01","idstatus_unidad":"1","horarios":"DOM, LUN, MAR, MIE, JUE, VIE, SAB DE 00:00 A 23:59","idmotivo_baja":null,"fecha_efectiva_baja":null,"idtipo_establecimiento":"2","idsubtipologia":"1","nombre_responsable":"AMADO RAFAEL","pa_responsable":"MENESES","sa_responsable":"MONROY","idprofesion":null,"cedula_responsable":"5158369","idmarca_um":null,"marca_esp_um":"","modelo_um":"","idprograma_um":null,"idtipo_um":null,"idtipologia_um":null,"idnivel_atencion":"2","idstatus_propiedad":null,"alineacion":"4"},
{"idestado":"13","idjurisdiccion":"02","idmunicipio":"027","idlocalidad":"0059","clues":"HGIMB004841","idtipo_unidad":"3","idtipologia_unidad":"26","idinstitucion":"01","nombre":"HOSPITAL BÁSICO COMUNITARIO HUEHUETLA","idestrato":"1","idtipo_vialidad":"24","vialidad":"HUEHUETLA - TULANCINGO","idtipo_asentamiento":"7","asentamiento":"LINDA VISTA (LOS MIRASOLES)","nointerior":"SIN NUMERO","noexterior":"SIN NUMERO  ","cp":"43440","idtipo_administracion":"2","latitud":"20.461626","longitud":"-98.068826","email":"hospitalhuehuetla1@gmail.com","telefono":"7747437177","construccion":null,"inicio_operacion":"2008-04-12","idstatus_unidad":"1","horarios":"DOM, LUN, MAR, MIE, JUE, VIE, SAB DE 00:00 A 23:59","idmotivo_baja":null,"fecha_efectiva_baja":null,"idtipo_establecimiento":"2","idsubtipologia":"1","nombre_responsable":"TANIA ELIZABETH","pa_responsable":"TREJO","sa_responsable":"ARISTA","idprofesion":null,"cedula_responsable":"4470408","idmarca_um":null,"marca_esp_um":"","modelo_um":"","idprograma_um":null,"idtipo_um":null,"idtipologia_um":null,"idnivel_atencion":"2","idstatus_propiedad":null,"alineacion":"15"},
{"idestado":"13","idjurisdiccion":"09","idmunicipio":"037","idlocalidad":"0001","clues":"HGIMB004952","idtipo_unidad":"3","idtipologia_unidad":"27","idinstitucion":"01","nombre":"HOSPITAL IMSS BIENESTAR METZTITLÁN","idestrato":"2","idtipo_vialidad":"24","vialidad":"ANTIGUA PACHUCA-METZTITLÁN","idtipo_asentamiento":"3","asentamiento":"TLAXOMOTL","nointerior":"SIN NUMERO","noexterior":"SIN NÚMERO","cp":"43207","idtipo_administracion":"2","latitud":"20.5902","longitud":"-98.75979","email":"drmeneses_rafael@hotmail.es","telefono":"","construccion":"2019-05-30","inicio_operacion":"2023-06-07","idstatus_unidad":"1","horarios":"DOM, LUN, MAR, MIE, JUE, VIE, SAB DE 00:00 A 23:59","idmotivo_baja":null,"fecha_efectiva_baja":null,"idtipo_establecimiento":"2","idsubtipologia":"1","nombre_responsable":"AMADO RAFAEL","pa_responsable":"MENESES","sa_responsable":"MONROY","idprofesion":null,"cedula_responsable":"5158369","idmarca_um":null,"marca_esp_um":"","modelo_um":"","idprograma_um":null,"idtipo_um":null,"idtipologia_um":null,"idnivel_atencion":"2","idstatus_propiedad":"1","alineacion":"18"},
{"idestado":"13","idjurisdiccion":"02","idmunicipio":"056","idlocalidad":"0016","clues":"HGIMB005005","idtipo_unidad":"3","idtipologia_unidad":"27","idinstitucion":"01","nombre":"HOSPITAL GENERAL DE TULANCINGO","idestrato":"1","idtipo_vialidad":"3","vialidad":"PAXTEPEC","idtipo_asentamiento":"7","asentamiento":"PAXTEPEC","nointerior":"SIN NUMERO","noexterior":"47  ","cp":"43760","idtipo_administracion":"2","latitud":"20.062166","longitud":"-98.440731","email":"hgtulancingo@hotmail.com","telefono":"7757558250","construccion":"2007-02-12","inicio_operacion":"2016-04-18","idstatus_unidad":"1","horarios":"DOM, LUN, MAR, MIE, JUE, VIE, SAB DE 00:00 A 23:59","idmotivo_baja":null,"fecha_efectiva_baja":null,"idtipo_establecimiento":"2","idsubtipologia":"1","nombre_responsable":"OSCAR","pa_responsable":"AGUILAR","sa_responsable":"LEON","idprofesion":null,"cedula_responsable":"2725760","idmarca_um":null,"marca_esp_um":"","modelo_um":"","idprograma_um":null,"idtipo_um":null,"idtipologia_um":null,"idnivel_atencion":"2","idstatus_propiedad":null,"alineacion":"2"}
]