[
    {"idestado":"13","idjurisdiccion":"02","idmunicipio":"077","idlocalidad":"0001","clues":"HGIMB003844","idtipo_unidad":"4","idtipologia_unidad":"15","idinstitucion":"1","nombre":"TULANCINGO","idestrato":"2","idtipo_vialidad":"19","vialidad":"BENITO JUÁREZ NORTE","idtipo_asentamiento":"7","asentamiento":"CALTENGO","nointerior":"SIN NUMERO","noexterior":"100  ","cp":"43626","idtipo_administracion":"1","latitud":"20.0923182","longitud":"-98.3670238","email":"cesargutierrezchavez@hotmail.com","telefono":"7751162070","construccion":null,"inicio_operacion":"1963-02-01","idstatus_unidad":"1","horarios":"DOM, LUN, MAR, MIE, JUE, VIE, SAB DE 00:00 A 23:59","idmotivo_baja":null,"fecha_efectiva_baja":null,"idtipo_establecimiento":"1","idsubtipologia":"1","nombre_responsable":"JESUS","pa_responsable":"SARABIA","sa_responsable":"GUZMAN","idprofesion":null,"cedula_responsable":"2840698","idmarca_um":null,"marca_esp_um":"","modelo_um":"","idprograma_um":null,"idtipo_um":null,"idtipologia_um":null,"idnivel_atencion":"1","idstatus_propiedad":null,"alineacion":null},
    {"idestado":"13","idjurisdiccion":"02","idmunicipio":"077","idlocalidad":"0008","clues":"HGIMB003856","idtipo_unidad":"4","idtipologia_unidad":"1","idinstitucion":"1","nombre":"HUAJOMULCO","idestrato":"1","idtipo_vialidad":"5","vialidad":"ZAFIRO","idtipo_asentamiento":"7","asentamiento":"HUAJOMULCO","nointerior":"SIN NUMERO","noexterior":"203  ","cp":"43703","idtipo_administracion":"1","latitud":"20.083628","longitud":"-98.443971","email":"cesargutierrezchavez@hotmail.com","telefono":"7757532276","construccion":null,"inicio_operacion":"1994-02-01","idstatus_unidad":"1","horarios":"LUN, MAR, MIE, JUE, VIE DE 07:00 A 15:00","idmotivo_baja":null,"fecha_efectiva_baja":null,"idtipo_establecimiento":"1","idsubtipologia":"1","nombre_responsable":"ANA LAURA","pa_responsable":"SANCHEZ","sa_responsable":"ISLAS","idprofesion":null,"cedula_responsable":"5131103","idmarca_um":null,"marca_esp_um":"","modelo_um":"","idprograma_um":null,"idtipo_um":null,"idtipologia_um":null,"idnivel_atencion":"1","idstatus_propiedad":null,"alineacion":null},
    {"idestado":"13","idjurisdiccion":"02","idmunicipio":"077","idlocalidad":"0018","clues":"HGIMB003861","idtipo_unidad":"4","idtipologia_unidad":"6","idinstitucion":"1","nombre":"SANTA ANA HUEYTLALPAN","idestrato":"2","idtipo_vialidad":"3","vialidad":"SANTA ANA","idtipo_asentamiento":"3","asentamiento":"ATLALPAN","nointerior":"SIN NUMERO","noexterior":"203  ","cp":"43710","idtipo_administracion":"1","latitud":"20.174665","longitud":"-98.308407","email":"cesargutierrezchavez@hotmail.com","telefono":"7717106435","construccion":null,"inicio_operacion":"1963-02-01","idstatus_unidad":"1","horarios":"LUN, MAR, MIE, JUE, VIE DE 08:00 A 20:00","idmotivo_baja":null,"fecha_efectiva_baja":null,"idtipo_establecimiento":"1","idsubtipologia":"1","nombre_responsable":"ANA LAURA","pa_responsable":"SANCHEZ","sa_responsable":"ISLAS","idprofesion":null,"cedula_responsable":"5131103","idmarca_um":null,"marca_esp_um":"","modelo_um":"","idprograma_um":null,"idtipo_um":null,"idtipologia_um":null,"idnivel_atencion":"1","idstatus_propiedad":null,"alineacion":null},
    {"idestado":"13","idjurisdiccion":"02","idmunicipio":"077","idlocalidad":"0020","clues":"HGIMB003873","idtipo_unidad":"4","idtipologia_unidad":"6","idinstitucion":"1","nombre":"SANTA MARÍA ASUNCIÓN","idestrato":"2","idtipo_vialidad":"5","vialidad":"INSURGENTES","idtipo_asentamiento":"3","asentamiento":"CENTRO","nointerior":"SIN NUMERO","noexterior":"101  ","cp":"43710","idtipo_administracion":"1","latitud":"20.155176","longitud":"-98.269514","email":"cesargutierrezchavez@hotmail.com","telefono":"7757532276","construccion":null,"inicio_operacion":"1987-03-01","idstatus_unidad":"1","horarios":"DOM, LUN, MAR, MIE, JUE, VIE, SAB DE 08:00 A 20:00","idmotivo_baja":null,"fecha_efectiva_baja":null,"idtipo_establecimiento":"1","idsubtipologia":"1","nombre_responsable":"ANA LAURA","pa_responsable":"SANCHEZ","sa_responsable":"ISLAS","idprofesion":null,"cedula_responsable":"5131103","idmarca_um":null,"marca_esp_um":"","modelo_um":"","idprograma_um":null,"idtipo_um":null,"idtipologia_um":null,"idnivel_atencion":"1","idstatus_propiedad":null,"alineacion":null},
    {"idestado":"13","idjurisdiccion":"02","idmunicipio":"077","idlocalidad":"0053","clues":"HGIMB003885","idtipo_unidad":"4","idtipologia_unidad":"6","idinstitucion":"1","nombre":"JAVIER ROJO GÓMEZ","idestrato":"2","idtipo_vialidad":"5","vialidad":"MICHOACAN","idtipo_asentamiento":"7","asentamiento":"JAVIER ROJO GOMEZ","nointerior":"SIN NUMERO","noexterior":"402  ","cp":"43645","idtipo_administracion":"1","latitud":"20.07004","longitud":"-98.415391","email":"cesargutierrezchavez@hotmail.com","telefono":"7757532276","construccion":null,"inicio_operacion":"2000-12-20","idstatus_unidad":"1","horarios":"LUN, MAR, MIE, JUE, VIE, SAB DE 08:00 A 16:00","idmotivo_baja":null,"fecha_efectiva_baja":null,"idtipo_establecimiento":"1","idsubtipologia":"1","nombre_responsable":"VICTOR MANUEL","pa_responsable":"LECHUGA","sa_responsable":"MALDONADO","idprofesion":null,"cedula_responsable":"5433982","idmarca_um":null,"marca_esp_um":"","modelo_um":"","idprograma_um":null,"idtipo_um":null,"idtipologia_um":null,"idnivel_atencion":"1","idstatus_propiedad":null,"alineacion":null},
    {"idestado":"13","idjurisdiccion":"02","idmunicipio":"077","idlocalidad":"0001","clues":"HGIMB003890","idtipo_unidad":"4","idtipologia_unidad":"5","idinstitucion":"1","nombre":"EJIDO EL PARAÍSO","idestrato":"2","idtipo_vialidad":"5","vialidad":"EMILIO BARRANCO PARDO","idtipo_asentamiento":"7","asentamiento":"EL PARAISO","nointerior":"SIN NUMERO","noexterior":"133  ","cp":"43680","idtipo_administracion":"1","latitud":"20.077689","longitud":"-98.353168","email":"cesargutierrezchavez@hotmail.com","telefono":"7757532276","construccion":null,"inicio_operacion":"1990-02-01","idstatus_unidad":"1","horarios":"DOM, LUN, MAR, MIE, JUE, VIE, SAB DE 08:00 A 16:00","idmotivo_baja":null,"fecha_efectiva_baja":null,"idtipo_establecimiento":"1","idsubtipologia":"1","nombre_responsable":"SONIA","pa_responsable":"HERNANDEZ","sa_responsable":"RAMIREZ","idprofesion":null,"cedula_responsable":"3035568","idmarca_um":null,"marca_esp_um":"","modelo_um":"","idprograma_um":null,"idtipo_um":null,"idtipologia_um":null,"idnivel_atencion":"1","idstatus_propiedad":null,"alineacion":null},
    {"idestado":"13","idjurisdiccion":"02","idmunicipio":"077","idlocalidad":"0001","clues":"HGIMB004404","idtipo_unidad":"4","idtipologia_unidad":"7","idinstitucion":"1","nombre":"NICOLÁS BRAVO","idestrato":"2","idtipo_vialidad":"3","vialidad":"CONSTITUCION","idtipo_asentamiento":"7","asentamiento":"20 DE NOVIEMBRE","nointerior":"SIN NUMERO","noexterior":"200  ","cp":"43630","idtipo_administracion":"1","latitud":"20.078365","longitud":"-98.356636","email":"cesargutierrezchavez@hotmail.com","telefono":"7757533020","construccion":null,"inicio_operacion":"1985-09-01","idstatus_unidad":"1","horarios":"DOM, LUN, MAR, MIE, JUE, VIE, SAB DE 08:00 A 20:00","idmotivo_baja":null,"fecha_efectiva_baja":null,"idtipo_establecimiento":"1","idsubtipologia":"1","nombre_responsable":"ARACELI","pa_responsable":"BRAVO","sa_responsable":"RUBIO","idprofesion":null,"cedula_responsable":"5495236","idmarca_um":null,"marca_esp_um":"","modelo_um":"","idprograma_um":null,"idtipo_um":null,"idtipologia_um":null,"idnivel_atencion":"1","idstatus_propiedad":null,"alineacion":null}
]
